URL,https://drive.google.com/drive/u/1/folders/1lP4oRi5_H9p7m0A09yEJrkMIcSlkwajP,,,,,,,,
File Name,Drive Link,,,,,,,,
02_zotero-50.png,https://drive.google.com/file/d/1GV1kN7M_GCaJnxeqyoYFIcBhdHIqB4x8/view?usp=drivesdk,1GV1kN7M_GCaJnxeqyoYFIcBhdHIqB4x8,"<img src=""https://drive.google.com/uc?id=",1GV1kN7M_GCaJnxeqyoYFIcBhdHIqB4x8,""" alt=""",02_zotero-50.png,"""/>","<img src=""https://drive.google.com/uc?id=1GV1kN7M_GCaJnxeqyoYFIcBhdHIqB4x8"" alt=""02_zotero-50.png""/>","<img src=""https://drive.google.com/uc?id=1GV1kN7M_GCaJnxeqyoYFIcBhdHIqB4x8"" alt=""02_zotero-50.png""/>"
02_zotero-49.png,https://drive.google.com/file/d/15A3TSaKh8pWeKRpSveQBxCbpLCQTOooS/view?usp=drivesdk,15A3TSaKh8pWeKRpSveQBxCbpLCQTOooS,"<img src=""https://drive.google.com/uc?id=",15A3TSaKh8pWeKRpSveQBxCbpLCQTOooS,""" alt=""",02_zotero-49.png,"""/>","<img src=""https://drive.google.com/uc?id=15A3TSaKh8pWeKRpSveQBxCbpLCQTOooS"" alt=""02_zotero-49.png""/>","<img src=""https://drive.google.com/uc?id=15A3TSaKh8pWeKRpSveQBxCbpLCQTOooS"" alt=""02_zotero-49.png""/>"
02_zotero-48.png,https://drive.google.com/file/d/1OHvgQN-IwiILwo9VXntAYjSUP4Tqe0JM/view?usp=drivesdk,1OHvgQN-IwiILwo9VXntAYjSUP4Tqe0JM,"<img src=""https://drive.google.com/uc?id=",1OHvgQN-IwiILwo9VXntAYjSUP4Tqe0JM,""" alt=""",02_zotero-48.png,"""/>","<img src=""https://drive.google.com/uc?id=1OHvgQN-IwiILwo9VXntAYjSUP4Tqe0JM"" alt=""02_zotero-48.png""/>","<img src=""https://drive.google.com/uc?id=1OHvgQN-IwiILwo9VXntAYjSUP4Tqe0JM"" alt=""02_zotero-48.png""/>"
02_zotero-47.png,https://drive.google.com/file/d/1LqXjaPeidkONeJkLpicTck4KbbdIGZH5/view?usp=drivesdk,1LqXjaPeidkONeJkLpicTck4KbbdIGZH5,"<img src=""https://drive.google.com/uc?id=",1LqXjaPeidkONeJkLpicTck4KbbdIGZH5,""" alt=""",02_zotero-47.png,"""/>","<img src=""https://drive.google.com/uc?id=1LqXjaPeidkONeJkLpicTck4KbbdIGZH5"" alt=""02_zotero-47.png""/>","<img src=""https://drive.google.com/uc?id=1LqXjaPeidkONeJkLpicTck4KbbdIGZH5"" alt=""02_zotero-47.png""/>"
02_zotero-46.png,https://drive.google.com/file/d/1oyp_q4w5ix_xL_tOsFLluanyZRgAF68p/view?usp=drivesdk,1oyp_q4w5ix_xL_tOsFLluanyZRgAF68p,"<img src=""https://drive.google.com/uc?id=",1oyp_q4w5ix_xL_tOsFLluanyZRgAF68p,""" alt=""",02_zotero-46.png,"""/>","<img src=""https://drive.google.com/uc?id=1oyp_q4w5ix_xL_tOsFLluanyZRgAF68p"" alt=""02_zotero-46.png""/>","<img src=""https://drive.google.com/uc?id=1oyp_q4w5ix_xL_tOsFLluanyZRgAF68p"" alt=""02_zotero-46.png""/>"
02_zotero-45.png,https://drive.google.com/file/d/1zfCQ5rdmWzh1TZxIpeFIe4WXyN-ZSTWU/view?usp=drivesdk,1zfCQ5rdmWzh1TZxIpeFIe4WXyN-ZSTWU,"<img src=""https://drive.google.com/uc?id=",1zfCQ5rdmWzh1TZxIpeFIe4WXyN-ZSTWU,""" alt=""",02_zotero-45.png,"""/>","<img src=""https://drive.google.com/uc?id=1zfCQ5rdmWzh1TZxIpeFIe4WXyN-ZSTWU"" alt=""02_zotero-45.png""/>","<img src=""https://drive.google.com/uc?id=1zfCQ5rdmWzh1TZxIpeFIe4WXyN-ZSTWU"" alt=""02_zotero-45.png""/>"
02_zotero-44.png,https://drive.google.com/file/d/1oxQqBVP2wpefUOvp1q8Q1IbI8dIg-2ci/view?usp=drivesdk,1oxQqBVP2wpefUOvp1q8Q1IbI8dIg-2ci,"<img src=""https://drive.google.com/uc?id=",1oxQqBVP2wpefUOvp1q8Q1IbI8dIg-2ci,""" alt=""",02_zotero-44.png,"""/>","<img src=""https://drive.google.com/uc?id=1oxQqBVP2wpefUOvp1q8Q1IbI8dIg-2ci"" alt=""02_zotero-44.png""/>","<img src=""https://drive.google.com/uc?id=1oxQqBVP2wpefUOvp1q8Q1IbI8dIg-2ci"" alt=""02_zotero-44.png""/>"
02_zotero-43.png,https://drive.google.com/file/d/1cWMwsrr10oA5ZjKLNe6_zmqE95i8dW_G/view?usp=drivesdk,1cWMwsrr10oA5ZjKLNe6_zmqE95i8dW_G,"<img src=""https://drive.google.com/uc?id=",1cWMwsrr10oA5ZjKLNe6_zmqE95i8dW_G,""" alt=""",02_zotero-43.png,"""/>","<img src=""https://drive.google.com/uc?id=1cWMwsrr10oA5ZjKLNe6_zmqE95i8dW_G"" alt=""02_zotero-43.png""/>","<img src=""https://drive.google.com/uc?id=1cWMwsrr10oA5ZjKLNe6_zmqE95i8dW_G"" alt=""02_zotero-43.png""/>"
02_zotero-42.png,https://drive.google.com/file/d/1q9xndT0zZRrd5LGgSYwSKLR3LuTZKFNZ/view?usp=drivesdk,1q9xndT0zZRrd5LGgSYwSKLR3LuTZKFNZ,"<img src=""https://drive.google.com/uc?id=",1q9xndT0zZRrd5LGgSYwSKLR3LuTZKFNZ,""" alt=""",02_zotero-42.png,"""/>","<img src=""https://drive.google.com/uc?id=1q9xndT0zZRrd5LGgSYwSKLR3LuTZKFNZ"" alt=""02_zotero-42.png""/>","<img src=""https://drive.google.com/uc?id=1q9xndT0zZRrd5LGgSYwSKLR3LuTZKFNZ"" alt=""02_zotero-42.png""/>"
02_zotero-41.png,https://drive.google.com/file/d/1WBm4TgV9FVqj0qZshcZAJFfKpxFVie2W/view?usp=drivesdk,1WBm4TgV9FVqj0qZshcZAJFfKpxFVie2W,"<img src=""https://drive.google.com/uc?id=",1WBm4TgV9FVqj0qZshcZAJFfKpxFVie2W,""" alt=""",02_zotero-41.png,"""/>","<img src=""https://drive.google.com/uc?id=1WBm4TgV9FVqj0qZshcZAJFfKpxFVie2W"" alt=""02_zotero-41.png""/>","<img src=""https://drive.google.com/uc?id=1WBm4TgV9FVqj0qZshcZAJFfKpxFVie2W"" alt=""02_zotero-41.png""/>"
02_zotero-40.png,https://drive.google.com/file/d/1lSknJcnQxJZaVwg3Zu84v0e8mO-wtIkp/view?usp=drivesdk,1lSknJcnQxJZaVwg3Zu84v0e8mO-wtIkp,"<img src=""https://drive.google.com/uc?id=",1lSknJcnQxJZaVwg3Zu84v0e8mO-wtIkp,""" alt=""",02_zotero-40.png,"""/>","<img src=""https://drive.google.com/uc?id=1lSknJcnQxJZaVwg3Zu84v0e8mO-wtIkp"" alt=""02_zotero-40.png""/>","<img src=""https://drive.google.com/uc?id=1lSknJcnQxJZaVwg3Zu84v0e8mO-wtIkp"" alt=""02_zotero-40.png""/>"
02_zotero-39.png,https://drive.google.com/file/d/1VEN5YnOBFlVjaKilNkjIbrSD9ZEcp3pQ/view?usp=drivesdk,1VEN5YnOBFlVjaKilNkjIbrSD9ZEcp3pQ,"<img src=""https://drive.google.com/uc?id=",1VEN5YnOBFlVjaKilNkjIbrSD9ZEcp3pQ,""" alt=""",02_zotero-39.png,"""/>","<img src=""https://drive.google.com/uc?id=1VEN5YnOBFlVjaKilNkjIbrSD9ZEcp3pQ"" alt=""02_zotero-39.png""/>","<img src=""https://drive.google.com/uc?id=1VEN5YnOBFlVjaKilNkjIbrSD9ZEcp3pQ"" alt=""02_zotero-39.png""/>"
02_zotero-38.png,https://drive.google.com/file/d/1y4XbnYEZiuMcfugE8atPqujeRs66Lzm4/view?usp=drivesdk,1y4XbnYEZiuMcfugE8atPqujeRs66Lzm4,"<img src=""https://drive.google.com/uc?id=",1y4XbnYEZiuMcfugE8atPqujeRs66Lzm4,""" alt=""",02_zotero-38.png,"""/>","<img src=""https://drive.google.com/uc?id=1y4XbnYEZiuMcfugE8atPqujeRs66Lzm4"" alt=""02_zotero-38.png""/>","<img src=""https://drive.google.com/uc?id=1y4XbnYEZiuMcfugE8atPqujeRs66Lzm4"" alt=""02_zotero-38.png""/>"
02_zotero-37.png,https://drive.google.com/file/d/13a9lIIAeSVKAlkR728Gs-tZnUkGAPDH3/view?usp=drivesdk,13a9lIIAeSVKAlkR728Gs-tZnUkGAPDH3,"<img src=""https://drive.google.com/uc?id=",13a9lIIAeSVKAlkR728Gs-tZnUkGAPDH3,""" alt=""",02_zotero-37.png,"""/>","<img src=""https://drive.google.com/uc?id=13a9lIIAeSVKAlkR728Gs-tZnUkGAPDH3"" alt=""02_zotero-37.png""/>","<img src=""https://drive.google.com/uc?id=13a9lIIAeSVKAlkR728Gs-tZnUkGAPDH3"" alt=""02_zotero-37.png""/>"
02_zotero-36.png,https://drive.google.com/file/d/1ZnMvU_cZ4IlCg1SwrbKRA0ZO7O_srm-2/view?usp=drivesdk,1ZnMvU_cZ4IlCg1SwrbKRA0ZO7O_srm-2,"<img src=""https://drive.google.com/uc?id=",1ZnMvU_cZ4IlCg1SwrbKRA0ZO7O_srm-2,""" alt=""",02_zotero-36.png,"""/>","<img src=""https://drive.google.com/uc?id=1ZnMvU_cZ4IlCg1SwrbKRA0ZO7O_srm-2"" alt=""02_zotero-36.png""/>","<img src=""https://drive.google.com/uc?id=1ZnMvU_cZ4IlCg1SwrbKRA0ZO7O_srm-2"" alt=""02_zotero-36.png""/>"
02_zotero-35.png,https://drive.google.com/file/d/1kEqZid3lirSMYZbPLhpXJ_zpcredrjCz/view?usp=drivesdk,1kEqZid3lirSMYZbPLhpXJ_zpcredrjCz,"<img src=""https://drive.google.com/uc?id=",1kEqZid3lirSMYZbPLhpXJ_zpcredrjCz,""" alt=""",02_zotero-35.png,"""/>","<img src=""https://drive.google.com/uc?id=1kEqZid3lirSMYZbPLhpXJ_zpcredrjCz"" alt=""02_zotero-35.png""/>","<img src=""https://drive.google.com/uc?id=1kEqZid3lirSMYZbPLhpXJ_zpcredrjCz"" alt=""02_zotero-35.png""/>"
02_zotero-34.png,https://drive.google.com/file/d/11n8Q5iodThRYg2DGoG-VK10gv-C_3m5I/view?usp=drivesdk,11n8Q5iodThRYg2DGoG-VK10gv-C_3m5I,"<img src=""https://drive.google.com/uc?id=",11n8Q5iodThRYg2DGoG-VK10gv-C_3m5I,""" alt=""",02_zotero-34.png,"""/>","<img src=""https://drive.google.com/uc?id=11n8Q5iodThRYg2DGoG-VK10gv-C_3m5I"" alt=""02_zotero-34.png""/>","<img src=""https://drive.google.com/uc?id=11n8Q5iodThRYg2DGoG-VK10gv-C_3m5I"" alt=""02_zotero-34.png""/>"
02_zotero-33.png,https://drive.google.com/file/d/11ul6xP1z0pj0jSAP8DPAiueS9P0SxFGl/view?usp=drivesdk,11ul6xP1z0pj0jSAP8DPAiueS9P0SxFGl,"<img src=""https://drive.google.com/uc?id=",11ul6xP1z0pj0jSAP8DPAiueS9P0SxFGl,""" alt=""",02_zotero-33.png,"""/>","<img src=""https://drive.google.com/uc?id=11ul6xP1z0pj0jSAP8DPAiueS9P0SxFGl"" alt=""02_zotero-33.png""/>","<img src=""https://drive.google.com/uc?id=11ul6xP1z0pj0jSAP8DPAiueS9P0SxFGl"" alt=""02_zotero-33.png""/>"
02_zotero-32.png,https://drive.google.com/file/d/1MyMk5Mp3dnm6rK6vKXrPxaRwVEouEPVh/view?usp=drivesdk,1MyMk5Mp3dnm6rK6vKXrPxaRwVEouEPVh,"<img src=""https://drive.google.com/uc?id=",1MyMk5Mp3dnm6rK6vKXrPxaRwVEouEPVh,""" alt=""",02_zotero-32.png,"""/>","<img src=""https://drive.google.com/uc?id=1MyMk5Mp3dnm6rK6vKXrPxaRwVEouEPVh"" alt=""02_zotero-32.png""/>","<img src=""https://drive.google.com/uc?id=1MyMk5Mp3dnm6rK6vKXrPxaRwVEouEPVh"" alt=""02_zotero-32.png""/>"
02_zotero-31.png,https://drive.google.com/file/d/1ihwKA9fyJSqiVwsKmcw4YrcCSt1KbASj/view?usp=drivesdk,1ihwKA9fyJSqiVwsKmcw4YrcCSt1KbASj,"<img src=""https://drive.google.com/uc?id=",1ihwKA9fyJSqiVwsKmcw4YrcCSt1KbASj,""" alt=""",02_zotero-31.png,"""/>","<img src=""https://drive.google.com/uc?id=1ihwKA9fyJSqiVwsKmcw4YrcCSt1KbASj"" alt=""02_zotero-31.png""/>","<img src=""https://drive.google.com/uc?id=1ihwKA9fyJSqiVwsKmcw4YrcCSt1KbASj"" alt=""02_zotero-31.png""/>"
02_zotero-30.png,https://drive.google.com/file/d/1f0gKgPpaIA3muSKNQv5Fo7TOji_p6EJs/view?usp=drivesdk,1f0gKgPpaIA3muSKNQv5Fo7TOji_p6EJs,"<img src=""https://drive.google.com/uc?id=",1f0gKgPpaIA3muSKNQv5Fo7TOji_p6EJs,""" alt=""",02_zotero-30.png,"""/>","<img src=""https://drive.google.com/uc?id=1f0gKgPpaIA3muSKNQv5Fo7TOji_p6EJs"" alt=""02_zotero-30.png""/>","<img src=""https://drive.google.com/uc?id=1f0gKgPpaIA3muSKNQv5Fo7TOji_p6EJs"" alt=""02_zotero-30.png""/>"
02_zotero-29.png,https://drive.google.com/file/d/1LnFTJLlYzASNFgVqcFKpYC9Jt5ozn2Gv/view?usp=drivesdk,1LnFTJLlYzASNFgVqcFKpYC9Jt5ozn2Gv,"<img src=""https://drive.google.com/uc?id=",1LnFTJLlYzASNFgVqcFKpYC9Jt5ozn2Gv,""" alt=""",02_zotero-29.png,"""/>","<img src=""https://drive.google.com/uc?id=1LnFTJLlYzASNFgVqcFKpYC9Jt5ozn2Gv"" alt=""02_zotero-29.png""/>","<img src=""https://drive.google.com/uc?id=1LnFTJLlYzASNFgVqcFKpYC9Jt5ozn2Gv"" alt=""02_zotero-29.png""/>"
02_zotero-28.png,https://drive.google.com/file/d/1u3bJJ-a0CcqQQka9ksSdB9sXgRWHPLpV/view?usp=drivesdk,1u3bJJ-a0CcqQQka9ksSdB9sXgRWHPLpV,"<img src=""https://drive.google.com/uc?id=",1u3bJJ-a0CcqQQka9ksSdB9sXgRWHPLpV,""" alt=""",02_zotero-28.png,"""/>","<img src=""https://drive.google.com/uc?id=1u3bJJ-a0CcqQQka9ksSdB9sXgRWHPLpV"" alt=""02_zotero-28.png""/>","<img src=""https://drive.google.com/uc?id=1u3bJJ-a0CcqQQka9ksSdB9sXgRWHPLpV"" alt=""02_zotero-28.png""/>"
02_zotero-27.png,https://drive.google.com/file/d/1-q1traxmbJqi4UHEsHGFoPecIIVKQeX_/view?usp=drivesdk,1-q1traxmbJqi4UHEsHGFoPecIIVKQeX_,"<img src=""https://drive.google.com/uc?id=",1-q1traxmbJqi4UHEsHGFoPecIIVKQeX_,""" alt=""",02_zotero-27.png,"""/>","<img src=""https://drive.google.com/uc?id=1-q1traxmbJqi4UHEsHGFoPecIIVKQeX_"" alt=""02_zotero-27.png""/>","<img src=""https://drive.google.com/uc?id=1-q1traxmbJqi4UHEsHGFoPecIIVKQeX_"" alt=""02_zotero-27.png""/>"
02_zotero-26.png,https://drive.google.com/file/d/1uKpu0Ukx6ocPTe2Ig8CrcF-TEUc3vbzs/view?usp=drivesdk,1uKpu0Ukx6ocPTe2Ig8CrcF-TEUc3vbzs,"<img src=""https://drive.google.com/uc?id=",1uKpu0Ukx6ocPTe2Ig8CrcF-TEUc3vbzs,""" alt=""",02_zotero-26.png,"""/>","<img src=""https://drive.google.com/uc?id=1uKpu0Ukx6ocPTe2Ig8CrcF-TEUc3vbzs"" alt=""02_zotero-26.png""/>","<img src=""https://drive.google.com/uc?id=1uKpu0Ukx6ocPTe2Ig8CrcF-TEUc3vbzs"" alt=""02_zotero-26.png""/>"
02_zotero-25.png,https://drive.google.com/file/d/1ZPGdA27UMQg5HGXyVI_4eR1M_jsdtpxV/view?usp=drivesdk,1ZPGdA27UMQg5HGXyVI_4eR1M_jsdtpxV,"<img src=""https://drive.google.com/uc?id=",1ZPGdA27UMQg5HGXyVI_4eR1M_jsdtpxV,""" alt=""",02_zotero-25.png,"""/>","<img src=""https://drive.google.com/uc?id=1ZPGdA27UMQg5HGXyVI_4eR1M_jsdtpxV"" alt=""02_zotero-25.png""/>","<img src=""https://drive.google.com/uc?id=1ZPGdA27UMQg5HGXyVI_4eR1M_jsdtpxV"" alt=""02_zotero-25.png""/>"
02_zotero-24.png,https://drive.google.com/file/d/1as6q_fkKxgT7kvOqIxTuGwM10YLz_ZYT/view?usp=drivesdk,1as6q_fkKxgT7kvOqIxTuGwM10YLz_ZYT,"<img src=""https://drive.google.com/uc?id=",1as6q_fkKxgT7kvOqIxTuGwM10YLz_ZYT,""" alt=""",02_zotero-24.png,"""/>","<img src=""https://drive.google.com/uc?id=1as6q_fkKxgT7kvOqIxTuGwM10YLz_ZYT"" alt=""02_zotero-24.png""/>","<img src=""https://drive.google.com/uc?id=1as6q_fkKxgT7kvOqIxTuGwM10YLz_ZYT"" alt=""02_zotero-24.png""/>"
02_zotero-23.png,https://drive.google.com/file/d/1TJ6vv69yE7vbsKiGy7NwwflOkI73s1Vj/view?usp=drivesdk,1TJ6vv69yE7vbsKiGy7NwwflOkI73s1Vj,"<img src=""https://drive.google.com/uc?id=",1TJ6vv69yE7vbsKiGy7NwwflOkI73s1Vj,""" alt=""",02_zotero-23.png,"""/>","<img src=""https://drive.google.com/uc?id=1TJ6vv69yE7vbsKiGy7NwwflOkI73s1Vj"" alt=""02_zotero-23.png""/>","<img src=""https://drive.google.com/uc?id=1TJ6vv69yE7vbsKiGy7NwwflOkI73s1Vj"" alt=""02_zotero-23.png""/>"
02_zotero-22.png,https://drive.google.com/file/d/18FWi6sR3UzNx1jb14Fb7-4t1CxQUJbXY/view?usp=drivesdk,18FWi6sR3UzNx1jb14Fb7-4t1CxQUJbXY,"<img src=""https://drive.google.com/uc?id=",18FWi6sR3UzNx1jb14Fb7-4t1CxQUJbXY,""" alt=""",02_zotero-22.png,"""/>","<img src=""https://drive.google.com/uc?id=18FWi6sR3UzNx1jb14Fb7-4t1CxQUJbXY"" alt=""02_zotero-22.png""/>","<img src=""https://drive.google.com/uc?id=18FWi6sR3UzNx1jb14Fb7-4t1CxQUJbXY"" alt=""02_zotero-22.png""/>"
02_zotero-21.png,https://drive.google.com/file/d/1WJItc8aIkbUfAIQAw5P4-PLhG287PF1Z/view?usp=drivesdk,1WJItc8aIkbUfAIQAw5P4-PLhG287PF1Z,"<img src=""https://drive.google.com/uc?id=",1WJItc8aIkbUfAIQAw5P4-PLhG287PF1Z,""" alt=""",02_zotero-21.png,"""/>","<img src=""https://drive.google.com/uc?id=1WJItc8aIkbUfAIQAw5P4-PLhG287PF1Z"" alt=""02_zotero-21.png""/>","<img src=""https://drive.google.com/uc?id=1WJItc8aIkbUfAIQAw5P4-PLhG287PF1Z"" alt=""02_zotero-21.png""/>"
02_zotero-20.png,https://drive.google.com/file/d/1QOeyGFG9-NPzNJWLb49YlqM2K3HlnHbR/view?usp=drivesdk,1QOeyGFG9-NPzNJWLb49YlqM2K3HlnHbR,"<img src=""https://drive.google.com/uc?id=",1QOeyGFG9-NPzNJWLb49YlqM2K3HlnHbR,""" alt=""",02_zotero-20.png,"""/>","<img src=""https://drive.google.com/uc?id=1QOeyGFG9-NPzNJWLb49YlqM2K3HlnHbR"" alt=""02_zotero-20.png""/>","<img src=""https://drive.google.com/uc?id=1QOeyGFG9-NPzNJWLb49YlqM2K3HlnHbR"" alt=""02_zotero-20.png""/>"
02_zotero-19.png,https://drive.google.com/file/d/1YJCKr2hqqsJtDppclg-a_Wadd6yWSVJD/view?usp=drivesdk,1YJCKr2hqqsJtDppclg-a_Wadd6yWSVJD,"<img src=""https://drive.google.com/uc?id=",1YJCKr2hqqsJtDppclg-a_Wadd6yWSVJD,""" alt=""",02_zotero-19.png,"""/>","<img src=""https://drive.google.com/uc?id=1YJCKr2hqqsJtDppclg-a_Wadd6yWSVJD"" alt=""02_zotero-19.png""/>","<img src=""https://drive.google.com/uc?id=1YJCKr2hqqsJtDppclg-a_Wadd6yWSVJD"" alt=""02_zotero-19.png""/>"
02_zotero-18.png,https://drive.google.com/file/d/1bIjmb3cjP8Mi-IfyAwUciMIg_KH-eF_l/view?usp=drivesdk,1bIjmb3cjP8Mi-IfyAwUciMIg_KH-eF_l,"<img src=""https://drive.google.com/uc?id=",1bIjmb3cjP8Mi-IfyAwUciMIg_KH-eF_l,""" alt=""",02_zotero-18.png,"""/>","<img src=""https://drive.google.com/uc?id=1bIjmb3cjP8Mi-IfyAwUciMIg_KH-eF_l"" alt=""02_zotero-18.png""/>","<img src=""https://drive.google.com/uc?id=1bIjmb3cjP8Mi-IfyAwUciMIg_KH-eF_l"" alt=""02_zotero-18.png""/>"
02_zotero-17.png,https://drive.google.com/file/d/1rJcg4samBp2iZHYNA3p9Oi8PAxGriwE9/view?usp=drivesdk,1rJcg4samBp2iZHYNA3p9Oi8PAxGriwE9,"<img src=""https://drive.google.com/uc?id=",1rJcg4samBp2iZHYNA3p9Oi8PAxGriwE9,""" alt=""",02_zotero-17.png,"""/>","<img src=""https://drive.google.com/uc?id=1rJcg4samBp2iZHYNA3p9Oi8PAxGriwE9"" alt=""02_zotero-17.png""/>","<img src=""https://drive.google.com/uc?id=1rJcg4samBp2iZHYNA3p9Oi8PAxGriwE9"" alt=""02_zotero-17.png""/>"
02_zotero-16.png,https://drive.google.com/file/d/1tAgGuh8gQuokW8r0JjYsdi6WATT-tgIv/view?usp=drivesdk,1tAgGuh8gQuokW8r0JjYsdi6WATT-tgIv,"<img src=""https://drive.google.com/uc?id=",1tAgGuh8gQuokW8r0JjYsdi6WATT-tgIv,""" alt=""",02_zotero-16.png,"""/>","<img src=""https://drive.google.com/uc?id=1tAgGuh8gQuokW8r0JjYsdi6WATT-tgIv"" alt=""02_zotero-16.png""/>","<img src=""https://drive.google.com/uc?id=1tAgGuh8gQuokW8r0JjYsdi6WATT-tgIv"" alt=""02_zotero-16.png""/>"
02_zotero-15.png,https://drive.google.com/file/d/1tq9QcKOorQjiQXqowUVogZ3X9MNE6B0E/view?usp=drivesdk,1tq9QcKOorQjiQXqowUVogZ3X9MNE6B0E,"<img src=""https://drive.google.com/uc?id=",1tq9QcKOorQjiQXqowUVogZ3X9MNE6B0E,""" alt=""",02_zotero-15.png,"""/>","<img src=""https://drive.google.com/uc?id=1tq9QcKOorQjiQXqowUVogZ3X9MNE6B0E"" alt=""02_zotero-15.png""/>","<img src=""https://drive.google.com/uc?id=1tq9QcKOorQjiQXqowUVogZ3X9MNE6B0E"" alt=""02_zotero-15.png""/>"
02_zotero-14.png,https://drive.google.com/file/d/12VMqDkcxPHSLqRxVT3QLJvhD-uygPReU/view?usp=drivesdk,12VMqDkcxPHSLqRxVT3QLJvhD-uygPReU,"<img src=""https://drive.google.com/uc?id=",12VMqDkcxPHSLqRxVT3QLJvhD-uygPReU,""" alt=""",02_zotero-14.png,"""/>","<img src=""https://drive.google.com/uc?id=12VMqDkcxPHSLqRxVT3QLJvhD-uygPReU"" alt=""02_zotero-14.png""/>","<img src=""https://drive.google.com/uc?id=12VMqDkcxPHSLqRxVT3QLJvhD-uygPReU"" alt=""02_zotero-14.png""/>"
02_zotero-13.png,https://drive.google.com/file/d/1-2B1C0_s3g8gvw18oNs07ZoMqfvgF0h4/view?usp=drivesdk,1-2B1C0_s3g8gvw18oNs07ZoMqfvgF0h4,"<img src=""https://drive.google.com/uc?id=",1-2B1C0_s3g8gvw18oNs07ZoMqfvgF0h4,""" alt=""",02_zotero-13.png,"""/>","<img src=""https://drive.google.com/uc?id=1-2B1C0_s3g8gvw18oNs07ZoMqfvgF0h4"" alt=""02_zotero-13.png""/>","<img src=""https://drive.google.com/uc?id=1-2B1C0_s3g8gvw18oNs07ZoMqfvgF0h4"" alt=""02_zotero-13.png""/>"
02_zotero-12.png,https://drive.google.com/file/d/1yryu4yVZrxss6MHzLYJJhvsi9vPOgROE/view?usp=drivesdk,1yryu4yVZrxss6MHzLYJJhvsi9vPOgROE,"<img src=""https://drive.google.com/uc?id=",1yryu4yVZrxss6MHzLYJJhvsi9vPOgROE,""" alt=""",02_zotero-12.png,"""/>","<img src=""https://drive.google.com/uc?id=1yryu4yVZrxss6MHzLYJJhvsi9vPOgROE"" alt=""02_zotero-12.png""/>","<img src=""https://drive.google.com/uc?id=1yryu4yVZrxss6MHzLYJJhvsi9vPOgROE"" alt=""02_zotero-12.png""/>"
02_zotero-11.png,https://drive.google.com/file/d/11b-nma-CbDKsbYmQVcA7k1NJXIB5nsuP/view?usp=drivesdk,11b-nma-CbDKsbYmQVcA7k1NJXIB5nsuP,"<img src=""https://drive.google.com/uc?id=",11b-nma-CbDKsbYmQVcA7k1NJXIB5nsuP,""" alt=""",02_zotero-11.png,"""/>","<img src=""https://drive.google.com/uc?id=11b-nma-CbDKsbYmQVcA7k1NJXIB5nsuP"" alt=""02_zotero-11.png""/>","<img src=""https://drive.google.com/uc?id=11b-nma-CbDKsbYmQVcA7k1NJXIB5nsuP"" alt=""02_zotero-11.png""/>"
02_zotero-10.png,https://drive.google.com/file/d/1oamnQ6aj5A2aX_zBTPmfkk49su6Km0NM/view?usp=drivesdk,1oamnQ6aj5A2aX_zBTPmfkk49su6Km0NM,"<img src=""https://drive.google.com/uc?id=",1oamnQ6aj5A2aX_zBTPmfkk49su6Km0NM,""" alt=""",02_zotero-10.png,"""/>","<img src=""https://drive.google.com/uc?id=1oamnQ6aj5A2aX_zBTPmfkk49su6Km0NM"" alt=""02_zotero-10.png""/>","<img src=""https://drive.google.com/uc?id=1oamnQ6aj5A2aX_zBTPmfkk49su6Km0NM"" alt=""02_zotero-10.png""/>"
02_zotero-9.png,https://drive.google.com/file/d/1sYh0eIaDlNHUahfegI1whaW3-k1Ws5U_/view?usp=drivesdk,1sYh0eIaDlNHUahfegI1whaW3-k1Ws5U_,"<img src=""https://drive.google.com/uc?id=",1sYh0eIaDlNHUahfegI1whaW3-k1Ws5U_,""" alt=""",02_zotero-9.png,"""/>","<img src=""https://drive.google.com/uc?id=1sYh0eIaDlNHUahfegI1whaW3-k1Ws5U_"" alt=""02_zotero-9.png""/>","<img src=""https://drive.google.com/uc?id=1sYh0eIaDlNHUahfegI1whaW3-k1Ws5U_"" alt=""02_zotero-9.png""/>"
00_library,https://docs.google.com/spreadsheets/d/1RRfN2pK_RtIDUBQWd9e_Gtfjhey9Q_Xad0gbSupuXzc/edit?usp=drivesdk,1RRfN2pK_RtIDUBQWd9e_Gtfjhey9Q_Xad0gbSupuXzc,"<img src=""https://drive.google.com/uc?id=",1RRfN2pK_RtIDUBQWd9e_Gtfjhey9Q_Xad0gbSupuXzc,""" alt=""",00_library,"""/>","<img src=""https://drive.google.com/uc?id=1RRfN2pK_RtIDUBQWd9e_Gtfjhey9Q_Xad0gbSupuXzc"" alt=""00_library""/>","<img src=""https://drive.google.com/uc?id=1RRfN2pK_RtIDUBQWd9e_Gtfjhey9Q_Xad0gbSupuXzc"" alt=""00_library""/>"
02_zotero-8.png,https://drive.google.com/file/d/1IKgt0oab-QaLIYm6Ni9HravEVAIKBlyG/view?usp=drivesdk,1IKgt0oab-QaLIYm6Ni9HravEVAIKBlyG,"<img src=""https://drive.google.com/uc?id=",1IKgt0oab-QaLIYm6Ni9HravEVAIKBlyG,""" alt=""",02_zotero-8.png,"""/>","<img src=""https://drive.google.com/uc?id=1IKgt0oab-QaLIYm6Ni9HravEVAIKBlyG"" alt=""02_zotero-8.png""/>","<img src=""https://drive.google.com/uc?id=1IKgt0oab-QaLIYm6Ni9HravEVAIKBlyG"" alt=""02_zotero-8.png""/>"
02_zotero-7.png,https://drive.google.com/file/d/1G0HNxyZamZciwpt7lcxUMh5_GLzUqtF7/view?usp=drivesdk,1G0HNxyZamZciwpt7lcxUMh5_GLzUqtF7,"<img src=""https://drive.google.com/uc?id=",1G0HNxyZamZciwpt7lcxUMh5_GLzUqtF7,""" alt=""",02_zotero-7.png,"""/>","<img src=""https://drive.google.com/uc?id=1G0HNxyZamZciwpt7lcxUMh5_GLzUqtF7"" alt=""02_zotero-7.png""/>","<img src=""https://drive.google.com/uc?id=1G0HNxyZamZciwpt7lcxUMh5_GLzUqtF7"" alt=""02_zotero-7.png""/>"
02_zotero-6.png,https://drive.google.com/file/d/1c6NHxfWwqec3TpEYriYu-aDB8SIvpT3v/view?usp=drivesdk,1c6NHxfWwqec3TpEYriYu-aDB8SIvpT3v,"<img src=""https://drive.google.com/uc?id=",1c6NHxfWwqec3TpEYriYu-aDB8SIvpT3v,""" alt=""",02_zotero-6.png,"""/>","<img src=""https://drive.google.com/uc?id=1c6NHxfWwqec3TpEYriYu-aDB8SIvpT3v"" alt=""02_zotero-6.png""/>","<img src=""https://drive.google.com/uc?id=1c6NHxfWwqec3TpEYriYu-aDB8SIvpT3v"" alt=""02_zotero-6.png""/>"
02_zotero-5.png,https://drive.google.com/file/d/1KvzvuBCihRb7QWcN9NjgqZuIkm5kyiZc/view?usp=drivesdk,1KvzvuBCihRb7QWcN9NjgqZuIkm5kyiZc,"<img src=""https://drive.google.com/uc?id=",1KvzvuBCihRb7QWcN9NjgqZuIkm5kyiZc,""" alt=""",02_zotero-5.png,"""/>","<img src=""https://drive.google.com/uc?id=1KvzvuBCihRb7QWcN9NjgqZuIkm5kyiZc"" alt=""02_zotero-5.png""/>","<img src=""https://drive.google.com/uc?id=1KvzvuBCihRb7QWcN9NjgqZuIkm5kyiZc"" alt=""02_zotero-5.png""/>"
02_zotero-4.png,https://drive.google.com/file/d/13t01Go4zfwzff-xxQ5bOfGxex2dnL-OL/view?usp=drivesdk,13t01Go4zfwzff-xxQ5bOfGxex2dnL-OL,"<img src=""https://drive.google.com/uc?id=",13t01Go4zfwzff-xxQ5bOfGxex2dnL-OL,""" alt=""",02_zotero-4.png,"""/>","<img src=""https://drive.google.com/uc?id=13t01Go4zfwzff-xxQ5bOfGxex2dnL-OL"" alt=""02_zotero-4.png""/>","<img src=""https://drive.google.com/uc?id=13t01Go4zfwzff-xxQ5bOfGxex2dnL-OL"" alt=""02_zotero-4.png""/>"
02_zotero-3.png,https://drive.google.com/file/d/1bUh2CYBB8X0MW6YwKR_P-ZKLlz4_FZr6/view?usp=drivesdk,1bUh2CYBB8X0MW6YwKR_P-ZKLlz4_FZr6,"<img src=""https://drive.google.com/uc?id=",1bUh2CYBB8X0MW6YwKR_P-ZKLlz4_FZr6,""" alt=""",02_zotero-3.png,"""/>","<img src=""https://drive.google.com/uc?id=1bUh2CYBB8X0MW6YwKR_P-ZKLlz4_FZr6"" alt=""02_zotero-3.png""/>","<img src=""https://drive.google.com/uc?id=1bUh2CYBB8X0MW6YwKR_P-ZKLlz4_FZr6"" alt=""02_zotero-3.png""/>"
02_zotero-2.png,https://drive.google.com/file/d/1lUjxt808_sfc7sdslyIEoraWGt3kCx7u/view?usp=drivesdk,1lUjxt808_sfc7sdslyIEoraWGt3kCx7u,"<img src=""https://drive.google.com/uc?id=",1lUjxt808_sfc7sdslyIEoraWGt3kCx7u,""" alt=""",02_zotero-2.png,"""/>","<img src=""https://drive.google.com/uc?id=1lUjxt808_sfc7sdslyIEoraWGt3kCx7u"" alt=""02_zotero-2.png""/>","<img src=""https://drive.google.com/uc?id=1lUjxt808_sfc7sdslyIEoraWGt3kCx7u"" alt=""02_zotero-2.png""/>"
02_zotero-1.png,https://drive.google.com/file/d/18pexp-H1k26J2ve3h_IVjRhz1d4YXCeS/view?usp=drivesdk,18pexp-H1k26J2ve3h_IVjRhz1d4YXCeS,"<img src=""https://drive.google.com/uc?id=",18pexp-H1k26J2ve3h_IVjRhz1d4YXCeS,""" alt=""",02_zotero-1.png,"""/>","<img src=""https://drive.google.com/uc?id=18pexp-H1k26J2ve3h_IVjRhz1d4YXCeS"" alt=""02_zotero-1.png""/>","<img src=""https://drive.google.com/uc?id=18pexp-H1k26J2ve3h_IVjRhz1d4YXCeS"" alt=""02_zotero-1.png""/>"